{"cameraMode":{"drawMode":0,"name":"Shaded","section":"Shading Mode"},"sceneLighting":false,"audioPlay":false,"sceneViewState":{"m_AlwaysRefresh":false,"showFog":true,"showSkybox":false,"showFlares":true,"showImageEffects":true,"showParticleSystems":true,"showVisualEffectGraphs":true,"m_FxEnabled":true},"in2DMode":false,"pivot":{"x":0.048155367374420169,"y":1.6227400302886963,"z":0.08051443099975586},"rotation":{"x":-0.2586875855922699,"y":-0.08910375088453293,"z":0.023970870301127435,"w":-0.9615464210510254},"size":2.3241631984710695,"orthographic":false}