{"cameraMode":{"drawMode":0,"name":"Shaded","section":"Shading Mode"},"sceneLighting":true,"audioPlay":false,"sceneViewState":{"m_AlwaysRefresh":false,"showFog":true,"showSkybox":true,"showFlares":true,"showImageEffects":true,"showParticleSystems":true,"showVisualEffectGraphs":true,"m_FxEnabled":true},"in2DMode":false,"pivot":{"x":-1.6346633434295655,"y":0.690148115158081,"z":6.574163913726807},"rotation":{"x":-0.17750024795532227,"y":0.33405444025993349,"z":-0.06421967595815659,"w":-0.9234759211540222},"size":3.1781201362609865,"orthographic":false}