{"cameraMode":{"drawMode":0,"name":"Shaded","section":"Shading Mode"},"sceneLighting":true,"audioPlay":false,"sceneViewState":{"m_AlwaysRefresh":false,"showFog":true,"showSkybox":true,"showFlares":true,"showImageEffects":true,"showParticleSystems":true,"showVisualEffectGraphs":true,"m_FxEnabled":true},"in2DMode":false,"pivot":{"x":-2.34098744392395,"y":25.665464401245118,"z":1.9238667488098145},"rotation":{"x":0.37373700737953188,"y":-0.08884163945913315,"z":0.03598843142390251,"w":0.9225759506225586},"size":3.1781201362609865,"orthographic":false}